{
    "g_losses_chunk": [
        0.9256926894187927,
        1.6033263683319092,
        2.926953911781311,
        3.574032354354858,
        4.145452833175659,
        4.345981168746948,
        4.981542873382568,
        5.483578109741211,
        5.057473850250244,
        5.131249046325683,
        5.708270072937012,
        5.366978120803833,
        5.743578815460205,
        6.62508544921875,
        6.14459810256958,
        6.667708110809326,
        7.206734466552734,
        7.535373973846435,
        8.021685791015624,
        7.742225933074951
    ],
    "d_losses_chunk": [
        0.6245650351047516,
        0.43434317857027055,
        0.2294524796307087,
        0.1534583181142807,
        0.10369989108294249,
        0.07006739471107722,
        0.046699478710070255,
        0.06540010990574956,
        0.030335518531501293,
        0.03196968357078731,
        0.019714940642006695,
        0.016102247347589582,
        0.034690304566174744,
        0.011498227168340236,
        0.006553916982375086,
        0.00541338789043948,
        0.003955657553160563,
        0.0032479172630701216,
        0.0027284163923468443,
        0.0021072324947454036
    ],
    "g_losses_round": [
        3.817528320550919,
        6.676223883628845
    ],
    "d_losses_round": [
        0.17899910879321396,
        0.010601224830024876
    ]
}