{
    "g_losses_chunk": [
        2.0692801967263224,
        3.6154773328453302,
        3.6816515594720842,
        3.518902024626732,
        3.3366434305906294,
        3.3739483147859572,
        3.3331794161349535,
        2.382231030613184,
        3.439388994500041,
        3.4803915176540614,
        4.075121796131134,
        2.9830617986619474,
        0.5367703018710017,
        2.8125859424471855,
        2.7005055740475656,
        1.122689302638173,
        4.2081167817115785,
        2.8175166696310043,
        4.208220784366131,
        3.054751431941986
    ],
    "d_losses_chunk": [
        0.1031315993051976,
        0.09906197506934404,
        0.10736479968763887,
        0.06087394766509533,
        0.06660915506072343,
        0.07373698288574815,
        0.10217016292735934,
        0.12129237055778504,
        0.1041082396171987,
        0.12064147004857659,
        0.12443303670734167,
        0.12205608449876308,
        0.10507360398769379,
        0.11313154641538858,
        0.11098672803491354,
        0.08757634684443474,
        0.11116677336394787,
        0.09549673087894917,
        0.08429348161444068,
        0.0747739739716053
    ],
    "g_losses_round": [
        3.2231093817949295,
        2.851934038344771
    ],
    "d_losses_round": [
        0.0958990702824667,
        0.10289883063174785
    ]
}