{
    "g_losses_chunk": [
        0.5512081533670425,
        0.4750537440180779,
        1.0010671332478522,
        1.3673246204853058,
        1.8369764328002929,
        2.639758563041687,
        3.0303101159632204,
        3.204903817176819,
        1.7296193724498152,
        1.1539833903312684,
        3.567518002539873,
        3.2439783096313475,
        2.1775798492133616,
        3.0014022469520567,
        2.8872100591659544,
        3.4937185049057007,
        4.687490224838257,
        2.988904446363449,
        3.806971323490143,
        4.007912683486938,
        3.8501404762268066,
        4.330065751075745,
        4.947229361534118,
        5.694644641876221,
        5.063407444953919,
        5.211434698104858,
        5.870410823822022,
        3.351131463050842,
        3.9636489689350127,
        2.482399489544332,
        3.780101239681244,
        4.99901397228241,
        3.8737350702285767,
        4.735823798179626,
        5.252375841140747,
        5.778129076957702,
        4.764565777778626,
        4.209970903396607,
        5.7178233623504635,
        5.751163673400879,
        5.329741382598877,
        5.889690017700195,
        5.179633164405823,
        5.791227984428406,
        4.705932879447937,
        5.026937675476074,
        5.573514103889465,
        4.68296959400177,
        4.743955087661743,
        5.641656136512756
    ],
    "d_losses_chunk": [
        0.5818885147571564,
        0.427488799393177,
        0.2423699140548706,
        0.2163387943059206,
        0.14288000650703908,
        0.11863004118204117,
        0.07803249582648278,
        0.06916380589827895,
        0.05378699731081724,
        0.1004014526028186,
        0.06864212937653065,
        0.04626329615712166,
        0.06361556123010814,
        0.05491099245846272,
        0.03277166627813131,
        0.032147911353968085,
        0.034739247825928035,
        0.027205829753074794,
        0.014781583903823049,
        0.011381565115880222,
        0.010292113549076021,
        0.00803659176453948,
        0.005280902970116586,
        0.00476826976519078,
        0.003565679048188031,
        0.0030581186409108342,
        0.002495226514292881,
        0.002723920904099941,
        0.03210100748110563,
        0.10909401434473694,
        0.06885540252551436,
        0.015665364428423346,
        0.011445404886035248,
        0.006435611250344664,
        0.005851422183332034,
        0.005119727127021178,
        0.003828913898905739,
        0.003315641393419355,
        0.003806023596553132,
        0.003720765153411776,
        0.002942919990164228,
        0.0024578886455856263,
        0.0020319588104030116,
        0.001994686695979908,
        0.006834779807832092,
        0.009488158090971411,
        0.010589870403055101,
        0.0058567620755638925,
        0.005034724297001958,
        0.003922031976981088
    ],
    "g_losses_round": [
        1.6990205342881377,
        3.386268565058708,
        4.476451311912387,
        4.886270271539689,
        5.2565258026123045
    ],
    "d_losses_round": [
        0.20309808218386025,
        0.03864597834530287,
        0.018141584498225713,
        0.012804427644296084,
        0.005115378079353832
    ]
}