{"trial_number": 0, "best_params": {"batch_size": 238, "latent_dim": 873, "learning_rate": 0.005849554063665427, "beta1": 0.5079342079237511, "beta2": 0.8478567979821334}, "best_value": 0.09524518847465516, "trial_params": {"batch_size": 238, "latent_dim": 873, "learning_rate": 0.005849554063665427, "beta1": 0.5079342079237511, "beta2": 0.8478567979821334}, "trial_value": 0.09524518847465516}
{"trial_number": 0, "best_params": {"batch_size": 89, "latent_dim": 344, "learning_rate": 0.00285411681823935, "beta1": 0.8530043500699845, "beta2": 0.9174657774518457}, "best_value": 4.120137121373166, "trial_params": {"batch_size": 89, "latent_dim": 344, "learning_rate": 0.00285411681823935, "beta1": 0.8530043500699845, "beta2": 0.9174657774518457}, "trial_value": 4.120137121373166}
{"trial_number": 1, "best_params": {"batch_size": 890, "latent_dim": 443, "learning_rate": 0.007083227213787632, "beta1": 0.012162444304016319, "beta2": 0.8997699312444252}, "best_value": 0.19293166124384697, "trial_params": {"batch_size": 890, "latent_dim": 443, "learning_rate": 0.007083227213787632, "beta1": 0.012162444304016319, "beta2": 0.8997699312444252}, "trial_value": 0.19293166124384697}
