{
    "g_losses_chunk": [
        0.37856931567366703,
        0.585519545013085,
        0.8748726747242472,
        1.4063140623271466,
        2.4211985230445863,
        6.202823495864868,
        6.424343371391297,
        6.48895959854126,
        7.194180536270141,
        7.589410138130188
    ],
    "d_losses_chunk": [
        0.051384856534865096,
        0.015080430996986178,
        0.012486319849666761,
        0.01186008769596791,
        0.0029024721443129623,
        0.001809385609428988,
        0.0006946089117031389,
        0.00046908945341011653,
        0.0003625479287801743,
        0.0003270481604822114
    ],
    "g_losses_round": [
        0.37856931567366703,
        0.585519545013085,
        0.8748726747242472,
        1.4063140623271466,
        2.4211985230445863,
        6.202823495864868,
        6.424343371391297,
        6.48895959854126,
        7.194180536270141,
        7.589410138130188
    ],
    "d_losses_round": [
        0.051384856534865096,
        0.015080430996986178,
        0.012486319849666761,
        0.01186008769596791,
        0.0029024721443129623,
        0.001809385609428988,
        0.0006946089117031389,
        0.00046908945341011653,
        0.0003625479287801743,
        0.0003270481604822114
    ],
    "time_chunk": [
        35.5353422164917,
        34.19630980491638,
        35.25239372253418,
        29.566893339157104,
        28.847769498825073,
        27.863951206207275,
        28.369829654693604,
        28.211308240890503,
        30.597412586212158,
        38.54290819168091
    ],
    "time_round": [
        37.384318113327026,
        35.59342885017395,
        37.0269558429718,
        30.69463872909546,
        30.000805854797363,
        29.01435089111328,
        29.385314226150513,
        29.453038930892944,
        31.75681710243225,
        39.98628783226013
    ],
    "disc_time": [
        6.895842790603638,
        6.785863161087036,
        6.9522247314453125,
        5.377025127410889,
        5.709415435791016,
        5.613792181015015,
        5.606221437454224,
        5.716930389404297,
        6.796737194061279,
        7.294034481048584
    ],
    "gen_time": [
        0.63620924949646,
        0.5740079879760742,
        0.5717353820800781,
        0.47498321533203125,
        0.49461913108825684,
        0.49390244483947754,
        0.5523648262023926,
        0.48108458518981934,
        0.7098186016082764,
        0.5670552253723145
    ],
    "track_mismatch_time": [
        0.0,
        0.0,
        0.0,
        0.0009999275207519531,
        0.0,
        0.00040721893310546875,
        0.0010030269622802734,
        0.0,
        0.0,
        0.0
    ]
}