{"learner": {"attributes": {}, "feature_names": [], "feature_types": [], "gradient_booster": {"model": {"gbtree_model_param": {"num_parallel_tree": "1", "num_trees": "5"}, "iteration_indptr": [0, 1, 2, 3, 4, 5], "tree_info": [0, 0, 0, 0, 0], "trees": [{"base_weights": [-1.1327877], "categories": [], "categories_nodes": [], "categories_segments": [], "categories_sizes": [], "default_left": [0], "id": 0, "left_children": [-1], "loss_changes": [0.0], "parents": [2147483647], "right_children": [-1], "split_conditions": [-0.11327877], "split_indices": [0], "split_type": [0], "sum_hessian": [444.64783], "tree_param": {"num_deleted": "0", "num_feature": "14", "num_nodes": "1", "size_leaf_vector": "1"}}, {"base_weights": [-1.1180964], "categories": [], "categories_nodes": [], "categories_segments": [], "categories_sizes": [], "default_left": [0], "id": 1, "left_children": [-1], "loss_changes": [0.0], "parents": [2147483647], "right_children": [-1], "split_conditions": [-0.11180963], "split_indices": [0], "split_type": [0], "sum_hessian": [407.36148], "tree_param": {"num_deleted": "0", "num_feature": "14", "num_nodes": "1", "size_leaf_vector": "1"}}, {"base_weights": [-0.8191863, -0.89124155, 0.53391653, -0.501248, -1.068332, -0.75312346, 0.5067369, -1.1055487, -0.36080313, -0.7898074, 0.6093767, 0.16085665, 1.3684874, -1.1088529, -0.016962891, -0.7900945, 0.091858074, -0.91143847, -0.3290091, 0.18248157, -0.067973614, -0.18357657, 0.9252166, 0.23435695, 2.5304153, -0.11409547, -0.9410639, -0.09606304, -0.30956572, -0.3850661, 0.6353926, 0.0147067625, -0.9310403, 0.2589858, -0.6911205, -0.65905523, 0.1283721, -0.5172235, 1.8121799, -0.30956572, 0.09738714, 0.30434465, 0.07467677, 0.04803441, -0.9946735, 0.037147887, -0.07223992, 0.037147887, -0.6580039, 0.112951994, -0.026633427, 0.00862088, -0.95101756, -0.3426534, 1.0185877, -0.8928559, 0.0059594642, -0.01094134, -0.088997446, 0.765801, -0.20472302, -0.011296674, -0.06551156, 0.24081163, 0.021418221, 0.028856937, -0.07020619, -1.0995896, -0.65617937, -0.08018649, -0.011296674, -0.1016776, -0.067905, -0.06713732, 0.027928203, 0.027928203, 0.14221792, -0.025190795, -0.10354431, 0.120496586, -0.08018649, 0.0147067625, 0.108348005, -0.08472491, 0.03376619, -0.04122957, -0.112526834, -0.08920886, -0.029726451], "categories": [], "categories_nodes": [], "categories_segments": [], "categories_sizes": [], "default_left": [0, 0, 0, 0, 0, 0, 0, 0, 0, 0, 0, 0, 0, 0, 0, 0, 0, 0, 0, 0, 0, 0, 0, 0, 0, 0, 0, 0, 0, 0, 0, 0, 0, 0, 0, 0, 0, 0, 0, 0, 0, 0, 0, 0, 0, 0, 0, 0, 0, 0, 0, 0, 0, 0, 0, 0, 0, 0, 0, 0, 0, 0, 0, 0, 0, 0, 0, 0, 0, 0, 0, 0, 0, 0, 0, 0, 0, 0, 0, 0, 0, 0, 0, 0, 0, 0, 0, 0, 0], "id": 2, "left_children": [1, 3, -1, 5, 7, 9, 11, 13, 15, 17, 19, 21, 23, 25, -1, 27, 29, 31, 33, -1, -1, 35, 37, 39, 41, -1, 43, -1, 45, 47, 49, -1, 51, 53, 55, 57, 59, 61, 63, 65, -1, -1, -1, -1, 67, -1, -1, -1, 69, -1, -1, -1, 71, 73, 75, 77, 79, -1, -1, 81, 83, -1, -1, -1, -1, -1, -1, 85, 87, -1, -1, -1, -1, -1, -1, -1, -1, -1, -1, -1, -1, -1, -1, -1, -1, -1, -1, -1, -1], "loss_changes": [200.97061, 29.708984, 0.0, 35.58011, 7.5081177, 6.045452, 8.219466, 0.6925659, 3.2770202, 5.800354, 6.6979547, 5.787613, 9.918264, 0.45388794, 0.0, 0.4047265, 2.557599, 1.9118958, 5.351765, 0.0, 0.0, 2.390208, 9.629566, 2.3684268, 1.2391949, 0.0, 4.3834457, 0.0, 1.3141683, 1.3543389, 2.3269982, 0.0, 1.7916031, 4.9130106, 2.1579895, 0.7049141, 2.3274126, 0.11356735, 3.702115, 1.0758423, 0.0, 0.0, 0.0, 0.0, 1.0441132, 0.0, 0.0, 0.0, 0.2474314, 0.0, 0.0, 0.0, 0.78661346, 1.4797992, 0.99493027, 0.8247633, 5.2562237, 0.0, 0.0, 0.5717864, 2.9010403, 0.0, 0.0, 0.0, 0.0, 0.0, 0.0, 0.17977905, 0.9408355, 0.0, 0.0, 0.0, 0.0, 0.0, 0.0, 0.0, 0.0, 0.0, 0.0, 0.0, 0.0, 0.0, 0.0, 0.0, 0.0, 0.0, 0.0, 0.0, 0.0], "parents": [2147483647, 0, 0, 1, 1, 3, 3, 4, 4, 5, 5, 6, 6, 7, 7, 8, 8, 9, 9, 10, 10, 11, 11, 12, 12, 13, 13, 15, 15, 16, 16, 17, 17, 18, 18, 21, 21, 22, 22, 23, 23, 24, 24, 26, 26, 28, 28, 29, 29, 30, 30, 32, 32, 33, 33, 34, 34, 35, 35, 36, 36, 37, 37, 38, 38, 39, 39, 44, 44, 48, 48, 52, 52, 53, 53, 54, 54, 55, 55, 56, 56, 59, 59, 60, 60, 67, 67, 68, 68], "right_children": [2, 4, -1, 6, 8, 10, 12, 14, 16, 18, 20, 22, 24, 26, -1, 28, 30, 32, 34, -1, -1, 36, 38, 40, 42, -1, 44, -1, 46, 48, 50, -1, 52, 54, 56, 58, 60, 62, 64, 66, -1, -1, -1, -1, 68, -1, -1, -1, 70, -1, -1, -1, 72, 74, 76, 78, 80, -1, -1, 82, 84, -1, -1, -1, -1, -1, -1, 86, 88, -1, -1, -1, -1, -1, -1, -1, -1, -1, -1, -1, -1, -1, -1, -1, -1, -1, -1, -1, -1], "split_conditions": [7298.0, 1.0, 0.53391653, 13.0, 5.0, 1741.0, 223392.0, 2002.0, 10.0, 49.0, 2042.0, 11.0, 42.0, 13.0, -0.016962891, 213019.0, 168894.0, 30246.0, 51.0, 0.18248157, -0.067973614, 116367.0, 6.0, 343161.0, 304602.0, -0.11409547, 33811.0, -0.09606304, 5.0, 4.0, 238360.0, 0.0147067625, 3.0, 10.0, 217961.0, 38.0, 145493.0, 44.0, 156003.0, 41.0, 0.09738714, 0.30434465, 0.07467677, 0.04803441, 44.0, 0.037147887, -0.07223992, 0.037147887, 13.0, 0.112951994, -0.026633427, 0.00862088, 14.0, 42.0, 161075.0, 4.0, 239723.0, -0.01094134, -0.088997446, 134113.0, 178623.0, -0.011296674, -0.06551156, 0.24081163, 0.021418221, 0.028856937, -0.07020619, 2.0, 37.0, -0.08018649, -0.011296674, -0.1016776, -0.067905, -0.06713732, 0.027928203, 0.027928203, 0.14221792, -0.025190795, -0.10354431, 0.120496586, -0.08018649, 0.0147067625, 0.108348005, -0.08472491, 0.03376619, -0.04122957, -0.112526834, -0.08920886, -0.029726451], "split_indices": [10, 7, 0, 4, 7, 11, 2, 11, 4, 12, 11, 3, 0, 4, 0, 2, 2, 2, 12, 0, 0, 2, 6, 2, 2, 0, 2, 0, 6, 8, 2, 0, 13, 4, 2, 0, 2, 0, 2, 12, 0, 0, 0, 0, 12, 0, 0, 0, 4, 0, 0, 0, 3, 0, 2, 6, 2, 0, 0, 2, 2, 0, 0, 0, 0, 0, 0, 8, 0, 0, 0, 0, 0, 0, 0, 0, 0, 0, 0, 0, 0, 0, 0, 0, 0, 0, 0, 0, 0], "split_type": [0, 0, 0, 0, 0, 0, 0, 0, 0, 0, 0, 0, 0, 0, 0, 0, 0, 0, 0, 0, 0, 0, 0, 0, 0, 0, 0, 0, 0, 0, 0, 0, 0, 0, 0, 0, 0, 0, 0, 0, 0, 0, 0, 0, 0, 0, 0, 0, 0, 0, 0, 0, 0, 0, 0, 0, 0, 0, 0, 0, 0, 0, 0, 0, 0, 0, 0, 0, 0, 0, 0, 0, 0, 0, 0, 0, 0, 0, 0, 0, 0, 0, 0, 0, 0, 0, 0, 0, 0], "sum_hessian": [441.17636, 436.9195, 4.256861, 137.63852, 299.281, 110.323654, 27.31486, 283.79074, 15.490245, 107.840485, 2.483169, 20.338337, 6.9765224, 282.60828, 1.1824615, 7.5677533, 7.9224916, 84.546, 23.29449, 1.0642153, 1.4189538, 14.544276, 5.794061, 4.138615, 2.8379076, 232.35368, 50.254612, 4.848092, 2.7196612, 4.3751073, 3.5473843, 1.4189538, 83.12704, 8.986707, 14.307784, 5.3210764, 9.223199, 2.364923, 3.4291382, 2.7196612, 1.4189538, 1.655446, 1.1824615, 1.5371999, 48.71741, 1.0642153, 1.655446, 1.0642153, 3.310892, 2.1284306, 1.4189538, 1.5371999, 81.58984, 5.3210764, 3.6656306, 10.878645, 3.4291382, 2.0101845, 3.310892, 2.7196612, 6.503538, 1.0642153, 1.3007076, 2.1284306, 1.3007076, 1.1824615, 1.5371999, 35.473843, 13.243568, 2.2466767, 1.0642153, 63.49818, 18.09166, 3.4291382, 1.8919383, 1.8919383, 1.7736921, 2.483169, 8.395476, 1.1824615, 2.2466767, 1.4189538, 1.3007076, 2.7196612, 3.7838767, 1.8919383, 33.581905, 7.0947685, 6.1487994], "tree_param": {"num_deleted": "0", "num_feature": "14", "num_nodes": "89", "size_leaf_vector": "1"}}, {"base_weights": [-1.1335657], "categories": [], "categories_nodes": [], "categories_segments": [], "categories_sizes": [], "default_left": [0], "id": 3, "left_children": [-1], "loss_changes": [0.0], "parents": [2147483647], "right_children": [-1], "split_conditions": [-0.11335657], "split_indices": [0], "split_type": [0], "sum_hessian": [640.56586], "tree_param": {"num_deleted": "0", "num_feature": "14", "num_nodes": "1", "size_leaf_vector": "1"}}, {"base_weights": [-1.1158384, -0.112054944, 0.123635374], "categories": [], "categories_nodes": [], "categories_segments": [], "categories_sizes": [], "default_left": [0, 0, 0], "id": 4, "left_children": [1, -1, -1], "loss_changes": [15.423218, 0.0, 0.0], "parents": [2147483647, 0, 0], "right_children": [2, -1, -1], "split_conditions": [7298.0, -0.112054944, 0.123635374], "split_indices": [10, 0, 0], "split_type": [0, 0, 0],