{
    "g_losses_chunk": [
        0.6760210741867073,
        0.33821663863365037,
        0.53096186181956,
        0.3537497889381484,
        0.44573650667007314,
        0.41977589186572006,
        1.0241979131082188,
        0.4990097870686441,
        1.3429179981147172,
        0.7209992484062241
    ],
    "d_losses_chunk": [
        0.0321483444623197,
        0.035924039962872675,
        0.09833047520283979,
        0.041847374930239024,
        0.015295930252238778,
        0.01191110058323992,
        0.00717398908667334,
        0.010998578096370386,
        0.006533800523142034,
        0.00835954385606507
    ],
    "g_losses_round": [
        0.6760210741867073,
        0.33821663863365037,
        0.53096186181956,
        0.3537497889381484,
        0.44573650667007314,
        0.41977589186572006,
        1.0241979131082188,
        0.4990097870686441,
        1.3429179981147172,
        0.7209992484062241
    ],
    "d_losses_round": [
        0.0321483444623197,
        0.035924039962872675,
        0.09833047520283979,
        0.041847374930239024,
        0.015295930252238778,
        0.01191110058323992,
        0.00717398908667334,
        0.010998578096370386,
        0.006533800523142034,
        0.00835954385606507
    ],
    "time_chunk": [
        322.8464934825897,
        322.75704288482666,
        308.4318401813507,
        305.5367159843445,
        304.24323892593384,
        337.5029354095459,
        305.51354336738586,
        436.90535259246826,
        347.812397480011,
        596.4959738254547
    ],
    "time_round": [
        325.7348425388336,
        337.88893127441406,
        323.7757205963135,
        320.2761709690094,
        319.4614179134369,
        352.58562874794006,
        320.8748540878296,
        451.7646050453186,
        362.8819646835327,
        611.7637240886688
    ],
    "disc_time": [
        54.862389087677,
        66.84908103942871,
        54.40575289726257,
        54.898765087127686,
        52.980682134628296,
        64.35485696792603,
        53.9859356880188,
        62.40342307090759,
        52.548696517944336,
        61.524961948394775
    ],
    "gen_time": [
        1.3578641414642334,
        1.3127350807189941,
        1.3440980911254883,
        1.2552411556243896,
        1.4540019035339355,
        1.2196846008300781,
        1.2757835388183594,
        1.2960240840911865,
        1.4314754009246826,
        1.217339038848877
    ],
    "track_mismatch_time": [
        0.04684042930603027,
        0.0040416717529296875,
        0.0009162425994873047,
        0.0011615753173828125,
        0.05897378921508789,
        0.001104593276977539,
        0.0012660026550292969,
        0.0010523796081542969,
        0.0018377304077148438,
        0.00411677360534668
    ]
}